Orders.Region,Sum(Orders.Quantity),Sum(Orders.Profit),
West,24532,216836.89780000053,"24532,0,24532"
East,21236,183045.55999999965,"21236,24532,45768"
Central,17560,79412.72499999989,"17560,45768,63328"
South,12418,93498.86059999952,"12418,63328,75746"