_Measure_CF.CF_Target_GM%,_Measure_CF.CF_GM_CY_vs_CY+1
3.0936451835791929,7.9217410607364674248