financials.Country,Sum(financials. Sales),Sum(financials.Profit)
United States of America,25029830.165000007,2995540.664999999
Canada,24887654.88499999,3529228.8850000016
France,24354172.28000001,3781020.7800000003
Germany,23505340.820000004,3680388.8200000008
Mexico,20949352.109999992,2907523.11