financials.Segment,Sum(financials. Sales),Sum(financials.COGS),Sum(financials.Month Number),Sum(financials.Discounts)
Government,52504260.67000005,41116087.5,2370,3898805.8299999973
Small Business,42427918.5,38284750,790,3513781.5
Enterprise,19611694.375,20226240,790,1457305.625
Midmarket,2381883.0749999997,1721780,790,200786.92500000002
Channel Partners,1800593.6399999997,483790.5,790,134568.36000000004