financials.Country,Sum(financials.Gross Sales),Sum(financials.COGS),Sum(financials. Sales)
United States of America,27269358,22034289.5,25029830.165000007
Canada,26932163.5,21358426,24887654.88499999
France,26081674.5,20573151.5,24354172.28000001
Germany,24921467.5,19824952,23505340.820000004
Mexico,22726935,18041829,20949352.109999992