financials.Country,Sum(financials. Sales),Sum(financials.COGS),Sum(financials.Profit)
Canada,24887654.88499999,21358426,3529228.8850000016
France,24354172.28000001,20573151.5,3781020.7800000003
Germany,23505340.820000004,19824952,3680388.8200000008
Mexico,20949352.109999992,18041829,2907523.11
United States of America,25029830.165000007,22034289.5,2995540.664999999