Orders.Region,Sum(Orders.Quantity),Sum(Orders.Profit)
West,12266,108418.44890000026
East,10618,91522.77999999982
Central,8780,39706.362499999945
South,6209,46749.43029999976