financials.Month Name,Sum(financials. Sales)
October,21671431.019999996
December,17367228.979999997
November,12651417.499999996
September,10882697.27
June,9518893.819999997
July,8102920.180000002
February,7297531.390000001
April,6964775.07
January,6607761.68
May,6210211.0600000005
August,5864622.42
March,5586859.869999999