Category Master.Category,Values.2017 Actuals,Values.2018 Actuals,Values.2018 Plan,Values.2019 Plan
Beverages,775388542.4999981,801902183.0500002,797818448.190001,882441871.6200006
Water,291249300.7799995,299438677.0900002,309527399.15000004,306802783.71000016