financials.Country,Sum(financials. Sales),Sum(financials.COGS),
United States of America,25029830.165000007,22034289.5,"22034289.5,0,22034289.5"
Canada,24887654.88499999,21358426,"21358426,22034289.5,43392715.5"
France,24354172.28000001,20573151.5,"20573151.5,43392715.5,63965867"
Germany,23505340.820000004,19824952,"19824952,63965867,83790819"
Mexico,20949352.109999992,18041829,"18041829,83790819,101832648"