financials.Segment,Sum(financials. Sales),Sum(financials.COGS),Sum(financials.Discounts),Sum(financials.Month Number)
Government,52504260.67000005,41116087.5,3898805.8299999973,2370
Small Business,42427918.5,38284750,3513781.5,790
Enterprise,19611694.375,20226240,1457305.625,790
Midmarket,2381883.0749999997,1721780,200786.92500000002,790
Channel Partners,1800593.6399999997,483790.5,134568.36000000004,790