Category Master.Category,Values.2017 Actuals,Values.2017 Plan,Values.2018 Actuals,Values.2018 Plan,Values.2019 Actuals,Values.2019 Plan
Beverages,775388542.4999981,774754324.4299995,801902183.0500002,797818448.190001,845306728.089998,882441871.6200006
Water,291249300.7799995,283120481.350001,299438677.0900002,309527399.15000004,312058591.05000037,306802783.71000016