Button Filter.B_Filter,_Measure_CF.Switch_test,_Measure_CF.Switch_Exec_CY_BDR,_Measure_CF.Switch_Exec_CY_BDR+1,_Measure_CF.Switch_Exec_CY+1_BDR+1,_Measure_CF.Switch_Exec_CY+2_BDR+1,_Measure_CF.Switch_Exec_CY+3_BDR+1,_Measure_CF.Switch_Exec_CY_BDR+1_CAGR,_Measure_CF.Title BDR Table_ex
LY,LY,00408.609918166324,11996.95031302547,82888.642329525687,71670.46375995,59307.67439612621,0.98581421104586013,@24 BDR
Version,MCF Current,46427.670312847055,17998.182856479946,67025.06721799973,99524.50798698785,33292.654426455787,2.46671608662573470,@24 BDR
Comp,MCF Previous,85914.395150309005,83038.772888685972,29731.26696536,42392.587425702128,92192.12829970203,5.57927379081241590,@24 BDR
2nd Comp,QFF,77044.49549554499,57285.84682760,34557.55386109887,14316.54452949607,82986.65777759,8.25824922844450724,@24 BDR
Vs LY,vs LY%,0.9264633867482561,8.52655632252107516,8.97540686377551602,0.22334259857214024,6.29482272537713363,,@24 BDR
Vs Comp,vs MCF Previous,469.485078500882290,518.151056131392682,52.3431554963015,0.3194733672012372,883.45367639340058,,@24 BDR
Vs 2nd Comp,vs QFF,55753.8191495669890,73077.8214782467034,295.64207337969669,8135.5003806383332,631.3174311809903,,@24 BDR