financials.Segment,Sum(financials. Sales),Sum(financials.COGS),Sum(financials.Discounts),Sum(financials.Month Number),
Government,105008521.3400001,82232175,7797611.659999995,4740,"105008521.3400001,0,105008521.3400001"
Small Business,84855837,76569500,7027563,1580,"84855837,105008521.3400001,189864358.3400001"
Enterprise,39223388.75,40452480,2914611.25,1580,"39223388.75,189864358.3400001,229087747.0900001"
Midmarket,4763766.149999999,3443560,401573.85000000003,1580,"4763766.149999999,229087747.0900001,233851513.2400001"
Channel Partners,3601187.2799999993,967581,269136.7200000001,1580,"3601187.2799999993,233851513.2400001,237452700.5200001"