financials.Country,Sum(financials. Sales)
United States of America,25029830.165000007
Canada,24887654.88499999
France,24354172.28000001
Germany,23505340.820000004
Mexico,20949352.109999992