Orders.Segment,CountNonNull(Orders.Postal Code),Sum(Orders.Discount),Sum(Orders.Sales),Sum(Orders.Profit)
Consumer,5191,0.15814101329223573,0.44399999999999995,134119.20919999966
Corporate,3020,0.15822847682119243,0.5559999999999998,91979.13400000014
Home Office,1783,0.14712843522153699,0.99,60298.6785