Orders.Segment,Orders.Category,Sum(Orders.Quantity),Sum(Orders.Sales),Sum(Orders.Profit)
Consumer,Technology,3601,407311.321,70866.16639999993
Corporate,Technology,2095,246450.11899999986,44166.99799999997
Home Office,Technology,1247,183304.01700000005,30490.140500000034
Consumer,Furniture,4166,391049.31200000085,6991.078600000017
Corporate,Furniture,2495,229019.78580000004,7584.815800000014
Home Office,Furniture,1367,121930.69749999994,3875.3784
Consumer,Office Supplies,11770,365041.5440000013,56481.674000000065
Corporate,Office Supplies,7018,230676.46200000015,40227.320200000046
Home Office,Office Supplies,4138,124489.78800000004,25805.485599999985
