Category Master.Category Hierarchy.Sub Category,Values.2019 Actuals,Values.2020 Plan,Values.2020 Actuals,Values.US,Values.International
Juices,2992716359.12,2935578091.4399996,2944179158.2799993,1921380267.07,1022798891.2100002
Soda,2312612606.1700006,2291343380.7000003,2423218188.3299994,1454271879.2899997,968946309.04
Tea & Coffee,750149082.1800002,741615910.71,798029541.6800002,486723392.39,311306149.28999996
Mineral Water,788894734.3800006,781737607.6600002,781654329.5099996,500029511.31999993,281624818.19
Sparkling Water,141511308.41999987,141490684.9199999,148779122.11000004,90398996.87,58380125.24000001