With Actual budget.Product,Sum(With Actual budget.Additional 2),Sum(Sales Data (Columnar).Sales Forecast)
Juices,792281928.3720001,551040200.0000002
Mineral Water,418512147.5039996,551040200.0000002
Not assigned,1065999558.0840002,551040200.0000002
Soda,47623532.60400001,551040200.0000002
Sparking Water,1087737450.2519994,551040200.0000002
Tea & Coffee,2202711086.243998,551040200.0000002