Accounts Master.Level 2 Description,Accounts Master.Level 1 Description,Accounts Master.Level 0 Description,Values.2020 Plan,Values.Actuals,Values.2020 Actuals,Values.2019 Actuals,Values.2018 Actuals
Cost of Goods Sold,Gross Profit,Operating Profit,-3333300559.5399904,-3333300559.5399904,-10162499345.01003,-3425412100.7099957,-3386525978.570002
Net Revenue,Gross Profit,Operating Profit,-3350561265.7300014,6319362259.510001,6319362259.510001,19189798803.000084,6493311558.879988
IT Expenses,Operating Expenses,Operating Profit,3067899458.169992,3011749999.809999,2947650000.010009,-152628727.2600001,-152628727.2600001
Other Expenses,Operating Expenses,Operating Profit,-465589707.42999995,-157707391.74000004,-154545541.96000004,-153336773.73,-205302147.11999977
Personnel Costs,Operating Expenses,Operating Profit,-205302147.11999977,-622108540.7499994,-209552775.29000008,-208209213.1000001,-204346552.35999984
Sales and Marketing,Operating Expenses,Operating Profit,-922137152.490002,-922137152.490002,-2828221788.3499947,-955158145.1799995,-932808686.7400016
