Sub Category,Category,Level 0 Description,2020 Gross Sales,2020 Plan,Actuals,2020 Actuals
Juices,Beverages,Operating Profit,2964582958.9599996,474326004.1000001,1256329449.000001,437953558.10999864
Soda,Beverages,Operating Profit,2438756734.77,318588772.0000006,868461678.1199986,302503517.22999936
Tea & Coffee,Beverages,Operating Profit,802917130.9299998,89527095.52,297806326.5200025,104849652.75000001
Mineral Water,Water,Operating Profit,784448793.0599998,263006412.5000002,768948071.409998,264283120.61000037
Sparkling Water,Water,Operating Profit,149317841.35999998,43796371.20999992,133798497.50999975,47775470.43999998